Name,Email,Phone,Location,Education,Experience,Job Title,Age,Gender,Salary
John Doe,john.doe@company.com,555-1234,New York,Bachelor,7,Project Manager,33,Male,108539
Jane Smith,jane.smith@company.com,555-5678,Los Angeles,Master,10,Data Scientist,35,Female,127654
John Miller,john.miller@companycom,555-4567,Chicago,Bachelor,6,Mechanical Engineer,31,Male,95782
Emily Davis,emily.davis@company.com,555-6789,Houston,Master,12,HR Manager,37,Female,156438
Michael Brown,michael.brown@company.com,555-2345,Phoenix,Bachelor,8,Software Engineer,33,Male,111216
Emma Clark,emma.clark@compan.com,555-6789,Dallas,Bachelor,5,Data Analyst,29,Female,84965
Mark Davis,mark.davis@company.com,555-3333,San Francisco,Master,14,Operations Manager,40,Male,170392
Sarah Johnson,sarah.johnson@company.com,555-3456,Boston,Bachelor,7,Marketing Specialist,32,Female,104315
Chris Carter,chris.carter@company.com,555-4567,Seattle,Bachelor,9,Production Engineer,34,Male,121588
Olivia Scott,olivia.scott@company.com,555-5678,Miami,Master,11,Product Manager,37,Female,152234
Ethan Lewis,ethan.lewis@company.com,555-8080,New York,PhD,16,Research Manager,41,Male,186401
Sophia Turner,sophia.turner@company.com,555-3456,Los Angeles,Bachelor,4,Marketing Assistant,27,Female,73192
Adam Ross,adam.ross@company.com,555-4567,Chicago,Bachelor,8,Production Engineer,33,Male,110271
Grace Hill,grace.hill@company.com,555-5678,Houston,Master,12,Finance Manager,38,Female,148627
John Miller,john.miller@company.com,555-1010,Phoenix,Bachelor,6,Process Engineer,31,Male,99236
Emma White,emma.white@comapny.com,555-6789,Dallas,PhD,13,Research Scientist,38,Female,178955
Alex Reed,alex.reed@company.com,555-2020,San Francisco,Bachelor,9,Operations Analyst,34,Male,
Lily Adams,lily.adams@company.com,555-7890,Boston,Master,10,Marketing Manager,35,Female,139351
Ryan Cooper,ryan.cooper@companycom,555-8888,Seattle,Bachelor,6,Junior Developer,31,Male,66601
Sophia Price,sophia.price@company.com,555-7777,Miami,Master,9,Project Manager,35,Female,146017
Liam Morris,liam.morris@company.com,555-6666,New York,Bachelor,5,Sales Representative,29,Male,83145
Hannah Ward,hannah.ward@company.com,555-5555,Los Angeles,Bachelor,3,HR Assistant,25,Female,63184
Noah Allen,noah.allen@company.com,555-4444,Chicago,Bachelor,6,Software Engineer,31,Male,96238
Olivia Baker,olivia.baker@company.com,555-4343,Houston,Bachelor,7,Product Designer,32,Female,108450
David Gray,david.gray@company.com,555-3333,Phoenix,Bachelor,10,Senior Engineer,36,Male,132578
Ava Brooks,ava.brooks@company.com,555-2222,Dallas,Master,11,Product Manager,37,Female,151214
Adam King,adam.king@company.com,555-1111,San Francisco,PhD,18,R&D Manager,43,Male,193873
Zoe Hayes,zoe.hayes@company.com,555-1010,Boston,Master,9,Finance Specialist,34,Female,118940
Samuel Cox,samuel.cox@companycom,555-1111,Seattle,Bachelor,4,Data Analyst,27,Male,69925
Evan Ross,evan.ross@company.com,555-2222,Miami,Bachelor,9,Production Engineer,34,Female,120786
Chloe Kelly,chloe.kelly@company.com,555-3333,New York,Bachelor,8,Marketing Specialist,33,Male,105312
John Carter,john.carter@company.com,555-1010,Los Angeles,Bachelor,10,Operations Engineer,35,Female,
Laura Bell,laura.bell@company.com,555-2020,Chicago,High School,2,Office Assistant,24,Male,37455
Matthew Evans,matthew.evans@company.com,555-3030,Houston,Bachelor,9,Production Engineer,34,Female,
Ella Green,ella.green@company.com,555-4040,Phoenix,Master,11,Finance Manager,37,Male,146772
Matthew Long,matthew.long@company.com,555-5050,Dallas,Bachelor,7,Mechanical Engineer,32,Female,99728
Sophie Hall,sophie.hall@company.com,555-6060,San Francisco,High School,1,Intern Assistant,23,Male,
Grace Moore,grace.moore@company.com,555-7070,Boston,Bachelor,6,Marketing Specialist,31,Female,97004
Daniel Young,daniel.young@company.com,555-8080,Seattle,Master,13,Operations Manager,39,Male,
Olivia Reed,olivia.reed@companycom,555-9090,Miami,Bachelor,5,HR Specialist,30,Female,80728
Chloe Kelly,chloe.kelly@company.com,555-3333,New York,Bachelor,8,Marketing Specialist,33,Male,105312
Eric Hughes,eric.hughes@company.com,555-1011,New York,Bachelor,8,Data Engineer,33,Male,108764
John Carter,john.crtr@company.com,555-1010,Los Angeles,Bachelor,10,Operations Engineer,35,Female,131799
Isla Cooper,isla.cooper@company.com,555-7070,Los Angeles,High School,2,Office Assistant,24,Female,39180
Emily Miller,emily.miller@company.com,555-8181,Chicago,Master,10,HR Manager,36,Male,139287
Robert Walker,robert.walker@company.com,555-8282,Houston,Master,14,Product Manager,40,Female,166921
Chris Lewis,chris.lewis@company.com,555-8383,Phoenix,Bachelor,9,Project Engineer,34,Male,119998
Mia Hughes,mia.hughes@companycom,555-8484,Dallas,Bachelor,4,Sales Assistant,27,Female,70314
Oscar Turner,oscar.turner@company.com,555-8585,San Francisco,Bachelor,7,Production Engineer,32,Male,103209
Lily Howard,lily.howard@company.com,555-8686,Boston,Bachelor,5,Marketing Assistant,29,Female,71102
Jacob Allen,jacob.allen@company.com,555-8787,Seattle,Master,13,Research Manager,39,Male,158755
Layla Carter,layla.carter@company.com,555-8888,Miami,Bachelor,6,HR Specialist,31,Female,93284
Aaron Ross,aaron.rosscompany.com,555-8989,New York,Master,12,Operations Manager,38,Male,158261
Claire West,claire.west@company.com,555-9099,Los Angeles,Bachelor,5,Junior Analyst,29,Female,61992
Sophie Reed,sophie.reed@company.com,555-9191,Chicago,Bachelor,8,Data Engineer,33,Male,108253
Ethan Brooks,ethan.brooks@company.com,555-9292,Houston,Master,10,Project Manager,36,Female,140982
Sarah Gray,sarah.gray@company.com,555-9393,Phoenix,Bachelor,7,Production Engineer,32,Male,100514
Megan Ward,megan.ward@company.com,555-9494,Dallas,Master,11,Finance Manager,37,Female,146412
Owen Cox,owen.cox@companycom,555-9595,San Francisco,Bachelor,6,Marketing Specialist,31,Male,92903
Grace King,grace.king@company.com,555-9696,Boston,Bachelor,5,HR Assistant,29,Female,63027
Lucas Reed,lucas.reed@company.com,555-9898,Seattle,Bachelor,6,Data Analyst,31,Male,96221
Lucas Reed,lucas.reed@company.com,555-9898,Seattle,Bachelor,6,Data Analyst,31,Male,96221
Isabella Moore,isabella.moore@company.com,555-9999,Miami,Bachelor,9,Production Engineer,34,Female,121472
Ethan Wood,ethan.wood@companycom,555-1110,New York,Bachelor,7,Marketing Specialist,32,Male,104977
Emily Taylor,emily.taylor@company.com,555-1212,Los Angeles,Master,11,Research Manager,38,Female,150313
Liam Reed,liam.reed@company.com,555-1313,Chicago,Bachelor,4,Office Assistant,27,Male,70621
Sophia Evans,sophia.evans@company.com,555-1414,Houston,Master,12,Project Manager,38,Female,152836
Olivia Scott,olivia.scott@company.com,555-1515,Phoenix,PhD,15,R&D Manager,40,Male,184272
Andrew Hill,andrew.hill@company.com,555-1616,Dallas,Bachelor,8,Marketing Specialist,33,Female,106312
Zoe King,zoe.king@company.com,555-1717,San Francisco,Bachelor,6,Data Analyst,31,Male,95000
Nathan Reed,nathan.reed@company.com,555-1818,Boston,Master,10,HR Manager,36,Female,143000
Zara Moore,zara.moore@companycom,555-1919,Seattle,Bachelor,8,Software Engineer,33,Male,104000
Liam Carter,liam.carter@company.com,555-2020,Miami,Bachelor,5,Marketing Assistant,29,Female,71000
Mia Johnson,mia.johnson@company.com,555-2121,New York,PhD,14,Research Manager,39,Male,178000
John Reed,john.reed@company.com,555-2222,Los Angeles,Master,12,Product Manager,38,Female,152000
Daniel Gray,daniel.gray@compan.com,555-2323,Chicago,Bachelor,7,Operations Analyst,32,Male,101000
Isla Baker,isla.baker@company.com,555-2424,Houston,High School,2,Office Assistant,24,Female,39000
Adam Walker,adam.walker@company.com,555-2525,Phoenix,Bachelor,9,Data Engineer,35,Male,115000
Lucas Brown,lucas.brown@company.com,555-2626,Dallas,Bachelor,10,Project Manager,36,Female,131000
Olivia Scott,olia.scott@company.com,555-1515,Phoenix,PhD,15,R&D Manager,40,Male,184272
Sophia Green,sophia.green@company.com,555-2727,San Francisco,Master,11,Finance Manager,37,Male,146000
Matthew Long,matthew.long@company.com,555-5050,Dallas,Bachelor,7,Mechanical Engineer,32,Female,99728
ella Reed,ella.reed@company.com,555-2828,Boston,Bachelor,6,Mechanical Engineer,31,Female,98000
Benjamin Ward,benjamin.ward@company.com,555-2929,Seattle,Master,10,Data Scientist,36,Male,132000
Grace Turner,grace.turner@company.com,555-3030,Miami,High School,1,Intern Assistant,23,Female,28000
Daniel Kelly,daniel.kelly@company.com,555-3131,New York,Bachelor,8,Marketing Specialist,33,Male,104000
Eva Evans,eva.evans@company.com,555-3232,Los Angeles,Master,12,Operations Manager,39,Female,159000
George Brooks,george.brooks@companycom,555-3333,Chicago,Bachelor,5,Junior Developer,30,Male,68000
Zara Miller,zara.miller@company.com,555-3434,Houston,Bachelor,9,Production Engineer,34,Female,117000
Mia Wood,mia.wood@company.com,555-3535,Phoenix,Master,10,Project Manager,36,Male,138000
oliver king,oliver.king@company.com,555-3636,Dallas,Master,11,HR Manager,37,Female,149000
Liam Gray,liam.gray@company.com,555-3737,San Francisco,Bachelor,7,Data Analyst,33,Male,101000
Ava allen,ava.allen@company.com,555-3838,Boston,Bachelor,6,Junior Developer,31,Female,66000
Jacob Scott,jacob.scott@company.com,555-3939,Seattle,Master,9,Project Manager,35,Male,139000
Sophia West,sophia.west@company.com,555-4040,Miami,PhD,16,Research Manager,42,Female,185000
Emily Walker,emily.walker@company.com,555-4141,New York,Bachelor,8,Operations Analyst,33,Male,104000
Henry Ward,henry.ward@company.com,555-4242,Los Angeles,Bachelor,7,HR Specialist,32,Female,95000
Ella Brooks,ella.brooks@company.com,555-4343,Chicago,Master,12,Finance Manager,38,Male,151000
David Hill,david.hill@company.com,555-4444,Houston,Bachelor,5,Sales Assistant,29,Female,69000
Lily brown,lily.brown@company.com,555-4545,Phoenix,PhD,17,R&D Manager,43,Male,189000
Ryan Morris,ryan.morris@company.com,555-4646,Dallas,Bachelor,6,Marketing Specialist,31,Female,95000
Chloe Carter,chloe.carter@company.com,555-4747,San Francisco,Bachelor,8,Operations Engineer,33,Male,106000
Emma ward,emma.ward@company.com,555-4848,Boston,Master,9,Product Manager,35,Female,139000
Noah Reed,noah.reed@company.com,555-4949,Seattle,Bachelor,5,Office Assistant,29,Male,72000
Ava Evans,ava.evans@company.com,555-5050,Miami,Master,12,Project Manager,39,Female,153000
Hannah   Lewis,hannah.lewis@company.com,555-5151,New York,High School,3,Office Assistant,26,Male,70000
Caleb  Turner,caleb.turner@company.com,555-5252,Los Angeles,Master,11,Data Manager,38,Female,148000
Noah Reed,noah.reed@company.com,555-4949,Seattle,Bachelor,5,Office Assistant,29,Male,71100
Sophiagreen,sophia.green@company.com,555-2727,San Francisco,Master,11,Finance Manager,37,Male,146000
Ella Wright,ella.wright@company.com,555-5353,Chicago,Bachelor,6,Marketing Assistant,31,Male,72000
Ethan  Scott,ethan.scott@company.com,555-5454,Houston,Bachelor,7,Junior Analyst,32,Female,65000
Lily Allen,lily.allen@company.com,555-5555,Phoenix,Master,13,Research Manager,40,Male,162000
Sophie Gray,sophie.gray@company.com,555-5656,Dallas,Bachelor,9,Product Designer,34,Female,115000
Grace Evans,grace.evans@company.com,555-5757,San Francisco,Bachelor,8,Project Engineer,33,Male,119000
Noah Morris,noah.morris@companycom,555-5858,Boston,Master,10,HR Manager,36,Female,142000
Isabella Reed,isabella.reed@company.com,555-5959,Seattle,Bachelor,6,Marketing Specialist,31,Male,96000
Owen Wood,owen.wood@company.com,555-6060,Miami,High School,2,Office Assistant,24,Female,70000
Michael Brown,michael.brown@company.com,555-6161,New York,Bachelor,9,Data Engineer,34,Male,118000
Daniel Gray,daniel.gray@compan.com,555-6262,Los Angeles,Master,11,Finance Manager,38,Female,148000
Noah Allen,noah.allen@company.com,555-6363,Chicago,Bachelor,8,Software Engineer,33,Male,106000
Olivia Baker,olivia.baker@company.com,555-6464,Houston,Bachelor,7,Data Analyst,32,Female,96000
David Gray,david.gray@company.com,555-6565,Phoenix,Master,12,Project Manager,39,Male,154000
